"Style","Price","Rating","Size","Season","NeckLine","SleeveLength","waiseline","Material","FabricType","Decoration","Pattern","Class"
"casual","low",5,"free","spring","v-neck","full","natural","cotton","chiffon","pockets","solid","2"
"sexy","medium",5,"m","winter","o-neck","sleevless","empire","polyster","chiffon","bow","solid","1"
"party","average",4.4,"free","autumn","v-neck","threequarter","natural","cotton","chiffon","ruffles","solid","1"
"bohemian","low",4.6,"free","summer","v-neck","sleevless","natural","cotton","broadcloth","beading","solid","1"
"sexy","average",5,"s","summer","v-neck","sleevless","empire","cotton","batik","sashes","patchwork","2"
"casual","average",4.4,"free","summer","slash-neck","sleevless","empire","cotton","chiffon","sashes","solid","2"
"party","high",4.6,"l","spring","slash-neck","sleevless","empire","silk","chiffon","beading","solid","1"
"party","average",4.9,"m","winter","o-neck","halfsleeve","empire","cotton","chiffon","lace","patchwork","2"
"casual","low",4.8,"free","spring","o-neck","full","natural","cotton","worsted","sashes","patchwork","1"
"work","average",4.9,"m","summer","sqare-collor","halfsleeve","empire","polyster","sattin","sashes","dot","1"
"casual","low",4.4,"free","summer","o-neck","full","natural","cotton","chiffon","pockets","solid","1"
"casual","average",4,"free","winter","o-neck","halfsleeve","empire","polyster","chiffon","hollowout","solid","1"
"party","very-high",4.1,"m","winter","scoop","short","natural","cotton","lace","applique","solid","2"
"cute","average",4.7,"m","summer","o-neck","sleevless","natural","chiffonfabric","chiffon","sashes","splice","1"
"sexy","low",4.4,"free","summer","bowneck","sleevless","natural","viscos","chiffon","bow","solid","1"
"cute","average",4.3,"m","summer","o-neck","full","natural","cotton","chiffon","ruffles","solid","1"
"party","average",4.8,"free","winter","o-neck","sleevless","empire","spandex","chiffon","embroidary","solid","2"
"casual","low",5,"m","spring","o-neck","sleeevless","natural","chiffonfabric","chiffon","lace","solid","2"
"casual","average",4.1,"free","spring","o-neck","sleevless","natural","microfiber","chiffon","applique","solid","1"
"casual","average",4.3,"free","summer","o-neck","sleevless","natural","cotton","worsted","lace","striped","1"
"vintage","average",4.6,"free","winter","o-neck","full","natural","cotton","chiffon","applique","print","2"
"work","medium",4.6,"l","winter","sqare-collor","short","empire","cotton","chiffon","tiered","solid","1"
"sexy","low",4.3,"m","autumn","open","short","natural","lace","broadcloth","lace","print","1"
"brief","average",4.8,"free","winter","v-neck","halfsleeve","natural","polyster","broadcloth","sashes","solid","1"
"cute","average",5,"xl","spring","boat-neck","full","empire","cotton","worsted","applique","dot","2"
"party","medium",4.8,"m","spring","o-neck","sleevless","natural","silk","chiffon","crystal","print","2"
"casual","average",4,"free","winter","o-neck","short","natural","polyster","chiffon","cascading","solid","1"
"casual","average",4.5,"l","summer","o-neck","short","natural","cotton","jersey","pockets","solid","1"
"sexy","low",5,"m","autumn","o-neck","full","natural","polyster","chiffon","lace","print","2"
"casual","average",4.8,"free","summer","o-neck","sleevless","natural","cotton","chiffon","lace","floral","1"
"casual","average",4.5,"l","spring","boat-neck","thressqatar","natural","cotton","dobby","lace","animal","2"
"party","very-high",4.8,"free","spring","sweetheart","sleevless","natural","polyster","chiffon","beading","solid","2"
"cute","medium",4.6,"free","spring","o-neck","short","natural","chiffonfabric","chiffon","hollowout","solid","2"
"party","very-high",4.6,"free","summer","o-neck","sleevless","empire","rayon","chiffon","hollowout","solid","1"
"casual","low",4.8,"m","winter","v-neck","sleevless","natural","polyster","chiffon","ruffles","print","1"
"casual","low",4.4,"free","summer","o-neck","full","natural","cotton","chiffon","ruffles","solid","2"
"brief","low",4.4,"l","autumn","o-neck","halfsleeve","natural","rayon","chiffon","sashes","solid","1"
"casual","medium",4.9,"l","winter","o-neck","short","natural","cotton","broadcloth","sashes","solid","1"
"sexy","average",4.5,"l","autumn","v-neck","sleevless","empire","spandex","chiffon","sashes","patchwork","1"
"party","average",5,"m","summer","o-neck","full","natural","cotton","jersey","lace","patchwork","2"
"vintage","average",5,"l","summer","sqare-collor","short","empire","cotton","chiffon","applique","dot","2"
"sexy","average",5,"m","autumn","o-neck","sleevless","empire","milksilk","batik","sequined","dot","2"
"casual","low",4.8,"free","spring","o-neck","sleevless","natural","cotton","chiffon","rivet","print","1"
"work","average",4.7,"m","spring","v-neck","sleevless","natural","cotton","batik","tiered","striped","2"
"casual","average",4.8,"m","spring","o-neck","sleevless","natural","cotton","chiffon","hollowout","print","1"
"casual","medium",4,"m","autumn","v-neck","short","empire","polyster","batik","sashes","solid","1"
"work","average",4.8,"l","winter","v-neck","short","natural","mix","broadcloth","lace","solid","1"
"casual","average",4.5,"m","spring","v-neck","short","empire","cotton","batik","button","solid","2"
"casual","low",4.8,"xl","summer","o-neck","short","empire","mix","chiffon","sashes","geometric","1"
"sexy","average",4.6,"free","autumn","v-neck","sleevless","natural","polyster","chiffon","lace","patchwork","1"
"sexy","average",4.1,"free","summer","v-neck","sleevless","natural","cotton","chiffon","lace","solid","2"
"casual","low",4.5,"free","summer","o-neck","full","natural","cotton","chiffon","button","solid","1"
"casual","average",5,"free","summer","v-neck","sleevless","natural","cotton","chiffon","none","patchwork","1"
"cute","average",4.6,"free","spring","v-neck","full","natural","cotton","chiffon","none","solid","2"
"party","average",4.6,"m","winter","o-neck","sleevless","natural","cotton","batik","lace","solid","2"
"casual","average",4.8,"m","summer","v-neck","full","natural","cotton","shiffon","lace","patchwork","1"
"party","average",4.6,"m","spring","v-neck","sleevless","natural","cotton","chiffon","lace","striped","2"
"bohemian","average",4.1,"free","summer","o-neck","thressqatar","empire","cotton","sattin","hollowout","solid","1"
"party","average",4.7,"free","winter","o-neck","sleevless","empire","polyster","chiffon","beading","print","1"
"sexy","low",4.8,"free","spring","v-neck","sleevless","empire","cotton","batik","sequined","solid","2"
"vintage","average",4.8,"m","summer","o-neck","short","empire","cotton","jersey","beading","animal","2"
"casual","average",5,"free","spring","o-neck","short","natural","cotton","chiffon","lace","leopard","2"
"vintage","average",4.8,"m","winter","o-neck","sleevless","natural","cotton","tulle","applique","patchwork","2"
"casual","medium",4.4,"free","winter","bowneck","full","natural","cashmere","knitted","applique","solid","2"
"casual","low",4.3,"m","summer","o-neck","sleevless","natural","cotton","chiffon","lace","solid","1"
"casual","average",4.5,"m","summer","peterpan-collor","sleevless","empire","cotton","chiffon","applique","patchwork","1"
"sexy","low",4.8,"m","autumn","v-neck","full","natural","cotton","chiffon","hollowout","print","2"
"cute","average",4.8,"m","summer","o-neck","short","natural","cotton","chiffon","rivet","solid","1"
"casual","average",4.8,"free","summer","o-neck","sleevless","natural","cotton","chiffon","sashes","solid","1"
"bohemian","low",4.8,"free","summer","o-neck","short","natural","cotton","other","sashes","animal","2"
"cute","average",4.6,"m","spring","o-neck","halfsleeve","natural","acrylic","chiffon","button","solid","1"
"party","very-high",4.4,"l","winter","v-neck","sleevless","natural","polyster","tulle","beading","solid","1"
"sexy","low",4.4,"free","autumn","v-neck","sleevless","natural","cotton","worsted","lace","solid","1"
"sexy","average",4.3,"free","spring","v-neck","full","natural","cotton","wollen","lace","solid","2"
"casual","low",4.1,"free","winter","o-neck","halfsleeve","natural","polyster","worsted","sequined","patchwork","2"
"novelty","average",4.6,"free","winter","o-neck","short","natural","polyster","broadcloth","lace","animal","2"
"sexy","low",4.7,"m","winter","o-neck","threequarter","natural","other","chiffon","lace","print","2"
"casual","very-high",4.1,"small","spring","o-neck","full","empire","acrylic","chiffon","applique","solid","1"
"sexy","low",4.4,"free","winter","o-neck","sleevless","natural","lycra","chiffon","hollowout","solid","1"
"casual","low",4.8,"l","winter","o-neck","sleevless","empire","polyster","chiffon","ruffles","leopard","1"
"casual","average",4.3,"m","spring","o-neck","halfsleeve","empire","cotton","chiffon","sashes","print","2"
"casual","high",4.6,"m","summer","sweetheart","sleevless","empire","silk","sattin","beading","patchwork","2"
"casual","average",4.7,"l","autumn","o-neck","halfsleeve","natural","milksilk","worsted","lace","animal","1"
"vintage","low",4.6,"m","summer","o-neck","short","natural","cotton","chiffon","beading","print","1"
"bohemian","low",5,"free","summer","o-neck","sleevless","empire","cotton","broadcloth","tassel","print","2"
"cute","low",4.3,"free","autumn","o-neck","sleevless","natural","polyster","chiffon","sashes","striped","1"
"sexy","low",4,"free","autumn","slash-neck","short","empire","chiffonfabric","batik","hollowout","solid","1"
"cute","low",4.8,"free","summer","boat-neck","sleevless","natural","cotton","batik","pockets","print","1"
"sexy","average",4.9,"free","summer","sqare-collor","sleevless","natural","polyster","batik","sashes","print","1"
"casual","low",4.5,"free","autumn","peterpan-collor","threequarter","empire","cotton","chiffon","crystal","geometric","1"
"casual","low",4.6,"free","autumn","o-neck","full","natural","cotton","chiffon","ruffles","solid","2"
"sexy","average",5,"m","summer","o-neck","sleeveless","natural","polyster","broadcloth","rivet","solid","1"
"casual","average",4.4,"l","autumn","o-neck","sleevless","natural","linen","chiffon","ruffles","animal","1"
"casual","low",5,"m","autumn","o-neck","sleevless","empire","silk","chiffon","bow","print","2"
"vintage","average",4.3,"free","winter","o-neck","short","natural","chiffonfabric","chiffon","applique","print","1"
"cute","average",4.4,"free","spring","sweetheart","sleevless","empire","spandex","tulle","ruched","solid","2"
"casual","average",4.7,"l","summer","v-neck","short","natural","cotton","broadcloth","beading","print","2"
"casual","average",5,"l","spring","boat-neck","sleevless","natural","cotton","chiffon","lace","solid","2"
"cute","average",4.7,"m","spring","o-neck","full","natural","rayon","chiffon","beading","solid","2"
"party","average",4.1,"m","spring","o-neck","sleevless","natural","cotton","chiffon","lace","solid","2"
"work","average",4.9,"m","winter","slash-neck","short","natural","polyster","broadcloth","ruffles","solid","1"
"casual","low",4.7,"l","autumn","o-neck","full","natural","cotton","chiffon","lace","print","1"
"casual","average",4.7,"xl","winter","v-neck","short","empire","milksilk","shiffon","sequined","print","1"
"casual","average",4.3,"m","autumn","o-neck","sleevless","natural","polyster","batik","plain","solid","1"
"cute","low",4.7,"m","spring","o-neck","short","empire","polyster","chiffon","ruffles","dot","2"
"casual","average",4.7,"m","spring","o-neck","sleevless","natural","cotton","chiffon","sashes","solid","1"
"casual","low",4.8,"free","summer","o-neck","sleevless","natural","cotton","chiffon","ruffles","print","2"
"casual","average",4.7,"m","summer","o-neck","sleevless","natural","cotton","chiffon","applique","dot","1"
"casual","average",5,"free","winter","o-neck","sleevless","natural","polyster","broadcloth","lace","solid","2"
"sexy","low",5,"free","summer","v-neck","sleevless","empire","cotton","chiffon","pockets","animal","2"
"casual","low",5,"free","summer","o-neck","sleevless","natural","model","jersey","plain","solid","2"
"casual","average",4.6,"m","spring","o-neck","halfsleeve","natural","polyster","chiffon","lace","solid","1"
"novelty","average",4.9,"l","autumn","o-neck","short","natural","polyster","chiffon","rivet","print","2"
"casual","average",4.7,"m","summer","v-neck","full","empire","cotton","batik","lace","solid","2"
"brief","average",4.7,"m","winter","o-neck","halfsleeve","natural","acrylic","chiffon","ruffles","striped","1"
"party","very-high",4.5,"m","spring","v-neck","cap-sleeves","empire","rayon","chiffon","lace","print","2"
"sexy","low",4.5,"l","spring","o-neck","sleevless","natural","cotton","chiffon","lace","solid","1"
"party","high",4.6,"m","summer","slash-neck","sleevless","natural","cotton","chiffon","button","striped","2"
"brief","average",4.6,"free","winter","o-neck","full","natural","mix","chiffon","sashes","solid","1"
"casual","average",4.8,"m","summer","o-neck","halfsleeve","natural","cotton","chiffon","ruffles","dot","2"
"sexy","average",5,"m","summer","v-neck","sleevless","empire","cotton","chiffon","sequined","solid","2"
"casual","high",5,"free","summer","v-neck","sleevless","natural","nylon","chiffon","sashes","animal","2"
"sexy","average",4.7,"s","summer","v-neck","sleevless","empire","cotton","chiffon","sequined","solid","2"
"casual","average",4.5,"free","summer","o-neck","short","natural","cotton","chiffon","hollowout","solid","2"
"work","low",4.5,"m","winter","v-neck","threequarter","natural","cotton","sattin","sequined","patchwork","1"
"casual","average",4.2,"free","summer","o-neck","sleevless","natural","cotton","worsted","bow","striped","2"
"casual","average",5,"s","winter","o-neck","sleevless","empire","polyster","chiffon","ruffles","plaid","1"
"casual","average",4.8,"free","winter","o-neck","sleevless","natural","polyster","chiffon","sashes","solid","1"
"bohemian","low",4.4,"l","summer","bowneck","short","natural","cotton","chiffon","beading","dot","1"
"casual","average",3.7,"free","autumn","boat-neck","full","empire","chiffonfabric","batik","embroidary","solid","2"
"casual","average",4.8,"m","winter","o-neck","short","natural","lycra","broadcloth","applique","patchwork","1"
"sexy","low",4.6,"m","summer","o-neck","sleevless","empire","cotton","chiffon","ruffles","animal","2"
"casual","low",4.7,"l","summer","o-neck","full","natural","mix","worsted","lace","patchwork","2"
"casual","low",4.4,"free","spring","v-neck","sleevless","natural","cotton","jersey","sashes","print","1"
"casual","low",4.7,"m","spring","o-neck","full","natural","polyster","chiffon","hollowout","solid","2"
"party","high",4.8,"m","summer","sweetheart","sleevless","princess","nylon","sattin","applique","animal","2"
"cute","average",4.3,"l","winter","o-neck","sleevless","natural","cashmere","chiffon","beading","solid","1"
"casual","low",5,"s","spring","o-neck","sleevless","natural","chiffonfabric","chiffon","ruffles","print","1"
"work","average",5,"free","winter","o-neck","half","empire","microfiber","worsted","applique","animal","1"
"cute","high",4,"m","spring","v-neck","full","natural","rayon","chiffon","applique","solid","2"
"casual","low",4.9,"l","summer","boat-neck","short","empire","cotton","chiffon","sequined","patchwork","2"
"bohemian","low",5,"free","spring","o-neck","short","natural","nylon","jersey","sashes","print","2"
"sexy","low",4.3,"free","summer","o-neck","full","empire","cotton","chiffon","lace","solid","1"
"casual","average",4.7,"m","summer","o-neck","thressqatar","empire","chiffonfabric","chiffon","ruched","solid","1"
"casual","low",4.8,"free","winter","bowneck","full","natural","polyster","chiffon","bow","solid","1"
"casual","very-high",4.6,"m","winter","o-neck","short","natural","cotton","chiffon","flowers","print","2"
"casual","low",4.7,"m","summer","o-neck","sleevless","empire","milksilk","chiffon","lace","solid","1"
"brief","low",4.6,"m","summer","o-neck","short","natural","cotton","chiffon","sashes","animal","1"
"sexy","average",4.7,"m","winter","v-neck","sleevless","natural","polyster","broadcloth","bow","patchwork","1"
"casual","low",4.6,"m","summer","o-neck","sleevless","natural","cotton","wollen","sashes","striped","1"
"vintage","average",4.9,"free","summer","o-neck","urndowncollor","empire","mix","wollen","feathers","print","1"
"vintage","average",4.7,"s","summer","turndowncollor","short","empire","cotton","chiffon","bow","animal","1"
"casual","average",4.7,"l","spring","v-neck","halfsleeve","natural","polyster","broadcloth","button","print","2"
"casual","average",4.7,"l","summer","o-neck","sleevless","natural","silk","chiffon","beading","solid","1"
"casual","low",4.6,"l","winter","o-neck","full","natural","cotton","chiffon","pearls","print","1"
"bohemian","average",4.7,"l","autumn","o-neck","sleevless","natural","cotton","chiffon","sashes","solid","1"
"casual","average",4.5,"m","summer","o-neck","full","natural","cotton","chiffon","lace","solid","1"
"work","average",5,"m","summer","o-neck","sleveless","natural","cotton","chiffon","lace","solid","2"
"casual","average",4.4,"m","spring","o-neck","halfsleeve","natural","cotton","chiffon","lace","patchwork","1"
"casual","average",5,"l","spring","o-neck","halfsleeve","natural","polyster","chiffon","hollowout","solid","2"
"bohemian","low",4.6,"free","winter","o-neck","sleevless","empire","polyster","broadcloth","hollowout","patchwork","2"
"casual","average",4.5,"free","summer","o-neck","short","natural","polyster","chiffon","button","solid","1"
"sexy","low",4,"s","autumn","o-neck","sleevless","empire","cotton","chiffon","feathers","solid","2"
"vintage","low",4,"free","summer","turndowncollor","short","natural","cotton","wollen","hollowout","solid","1"
"cute","average",5,"m","autumn","v-neck","sleevless","natural","cotton","chiffon","ruffles","solid","1"
"sexy","low",4,"free","winter","v-neck","sleevless","empire","cotton","chiffon","lace","solid","2"
"casual","average",5,"xl","winter","boat-neck","full","empire","cotton","chiffon","beading","geometric","2"
"casual","low",4.6,"free","summer","o-neck","full","natural","cotton","worsted","lace","solid","2"
"casual","average",5,"free","winter","v-neck","full","natural","chiffonfabric","chiffon","ruffles","print","1"
"cute","average",5,"m","summer","o-neck","short","natural","cotton","chiffon","sashes","print","1"
"brief","average",4.5,"m","winter","peterpan-collor","threequarter","natural","cotton","chiffon","sashes","patchwork","1"
"party","very-high",4.9,"m","spring","sweetheart","sleevless","natural","silk","chiffon","beading","solid","2"
"casual","average",4.6,"l","autumn","o-neck","sleevless","empire","polyster","chiffon","ruffles","solid","1"
"casual","average",4.5,"m","winter","v-neck","sleevless","natural","cotton","chiffon","button","striped","1"
"bohemian","average",5,"m","spring","slash-neck","sleevless","empire","polyster","chiffon","ruffles","solid","2"
"casual","low",4.4,"s","autumn","o-neck","sleevless","natural","polyster","batik","lace","solid","1"
"casual","low",4.3,"free","winter","boat-neck","full","natural","other","other","lace","solid","1"
"casual","average",4.8,"l","autumn","boat-neck","sleevless","natural","cotton","batik","sashes","solid","1"
"party","very-high",4.9,"m","spring","sweetheart","sleeevless","empire","polyster","chiffon","beading","solid","2"
"casual","low",4.7,"free","winter","o-neck","sleevless","natural","polyster","broadcloth","applique","print","2"
"casual","average",4.8,"l","winter","o-neck","short","natural","cotton","chiffon","pockets","solid","2"
"vintage","average",4,"free","summer","o-neck","sleevless","natural","cotton","worsted","applique","solid","1"
"vintage","medium",4.7,"s","winter","turndowncollor","halfsleeve","natural","cotton","broadcloth","applique","plaid","1"
"casual","low",4.7,"free","summer","o-neck","full","natural","cotton","chiffon","sequined","solid","2"
"vintage","average",4.5,"l","autumn","o-neck","sleevless","empire","cotton","worsted","applique","solid","1"
"casual","average",4.7,"m","summer","o-neck","sleevless","natural","polyster","worsted","lace","character","1"
"sexy","low",4.5,"free","summer","o-neck","sleevless","empire","cotton","chiffon","sashes","solid","2"
"casual","average",5,"free","summer","v-neck","sleevless","natural","modal","other","beading","patchwork","1"
"cute","average",4.3,"free","summer","boat-neck","sleevless","empire","nylon","broadcloth","hollowout","geometric","2"
"casual","average",4.4,"m","summer","o-neck","short","empire","mix","worsted","lace","patchwork","1"
"casual","low",4.6,"free","autumn","o-neck","full","natural","rayon","chiffon","lace","solid","2"
"casual","average",4.1,"l","winter","o-neck","sleevless","natural","polyster","batik","applique","solid","2"
"casual","low",4.4,"free","summer","v-neck","short","empire","cotton","corduroy","lace","solid","1"
"party","average",4.8,"l","autumn","sweetheart","sleevless","empire","silk","chiffon","pleat","print","2"
"casual","low",4.4,"l","summer","o-neck","sleevless","natural","cotton","chiffon","sequined","solid","1"
"casual","low",4.4,"free","spring","o-neck","sleevless","natural","polyster","chiffon","sashes","print","1"
"party","average",4.7,"m","spring","o-neck","halfsleeve","empire","silk","shiffon","applique","patchwork","1"
"casual","average",5,"m","winter","o-neck","sleevless","natural","cotton","chiffon","sashes","solid","2"
"cute","low",4.9,"m","autumn","o-neck","short","natural","chiffonfabric","chiffon","bow","dot","1"
"work","average",4.6,"m","spring","v-neck","full","natural","cotton","chiffon","sashes","striped","1"
"brief","average",5,"free","spring","v-neck","sleevless","natural","cotton","broadcloth","lace","solid","2"
"casual","low",4.6,"free","winter","boat-neck","full","natural","cotton","worsted","beading","patchwork","2"
"casual","medium",4.7,"m","spring","o-neck","sleevless","natural","cotton","broadcloth","bow","solid","2"
"casual","low",5,"free","winter","o-neck","full","natural","wool","chiffon","applique","solid","1"
"bohemian","average",4,"free","winter","o-neck","sleevless","natural","polyster","chiffon","ruffles","striped","1"
"casual","average",4.8,"free","summer","o-neck","sleevless","natural","cotton","broadcloth","lace","print","1"
"casual","average",4.5,"l","spring","o-neck","short","natural","cotton","chiffon","lace","patchwork","1"
"casual","low",4.6,"free","spring","v-neck","sleevless","natural","silk","chiffon","draped","solid","1"
"casual","medium",4.4,"l","winter","boat-neck","full","empire","cotton","chiffon","bow","solid","2"
"party","medium",4.7,"m","winter","o-neck","sleevless","empire","cotton","chiffon","button","solid","2"
"casual","average",4.9,"m","autumn","v-neck","sleevless","natural","polyster","batik","cascading","solid","2"
"sexy","low",5,"m","spring","v-neck","short","natural","polyster","satin","ruffles","solid","2"
"brief","average",4.9,"free","winter","o-neck","sleevless","natural","cotton","chiffon","none","solid","1"
"brief","average",4.9,"free","summer","slash-neck","sleevless","natural","cotton","chiffon","sashes","solid","1"
"casual","average",4.8,"l","autumn","o-neck","short","natural","cashmere","worsted","applique","print","1"
"casual","average",4.7,"m","autumn","o-neck","short","empire","polyster","chiffon","applique","print","1"
"cute","average",4,"m","winter","o-neck","short","natural","polyster","chiffon","sashes","solid","1"
"cute","average",4.5,"l","winter","v-neck","sleevless","natural","polyster","jersey","sashes","solid","2"
"sexy","average",4.2,"m","winter","v-neck","sleevless","natural","cotton","flannael","applique","solid","1"
"sexy","average",4.7,"m","spring","o-neck","sleevless","natural","cotton","chiffon","beading","solid","2"
"casual","low",4.7,"s","summer","o-neck","full","natural","cotton","jersey","lace","patchwork","1"
"casual","low",5,"m","summer","boat-neck","short","natural","cotton","chiffon","sashes","solid","1"
"casual","average",5,"free","spring","o-neck","short","natural","cotton","broadcloth","hollowout","plaid","1"
"sexy","average",4.6,"m","winter","o-neck","full","natural","polyster","chiffon","beading","patchwork","2"
"party","high",4.7,"m","spring","o-neck","threequarter","natural","shiffon","sattin","beading","print","1"
"sexy","low",4.8,"free","summer","slash-neck","sleevless","empire","silk","chiffon","lace","solid","1"
"casual","average",4.5,"m","winter","o-neck","sleevless","natural","polyster","chiffon","ruched","striped","1"
"sexy","low",4.3,"free","winter","v-neck","sleevless","natural","silk","worsted","lace","solid","2"
"sexy","low",4.7,"free","summer","turndowncollor","sleevless","natural","cotton","chiffon","pockets","solid","2"
"casual","low",5,"free","spring","bowneck","sleevless","natural","silk","chiffon","applique","print","1"
"cute","low",4.1,"free","spring","v-neck","sleevless","natural","silk","worsted","lace","patchwork","2"
"sexy","medium",5,"free","winter","o-neck","sleevless","natural","polyster","chiffon","sequined","solid","1"
"casual","average",4.6,"free","winter","v-neck","full","natural","cotton","flannel","beading","striped","1"
"casual","low",4.3,"l","summer","o-neck","sleevless","natural","cotton","jersey","none","print","1"
"party","very-high",4,"m","winter","o-neck","full","natural","cotton","chiffon","feathers","solid","2"
"casual","average",4.8,"l","winter","v-neck","short","empire","polyster","chiffon","ruffles","solid","1"
"party","high",4.5,"m","winter","o-neck","sleevless","natural","rayon","chiffon","applique","solid","2"
"work","average",4.7,"m","autumn","slash-neck","sleevless","natural","polyster","broadcloth","bow","patchwork","1"
"sexy","low",4.5,"free","summer","slash-neck","sleevless","empire","polyster","corduroy","sashes","solid","1"
"ol","medium",5,"m","winter","mandarin-collor","halfsleeve","natural","cotton","chiffon","sashes","solid","1"
"casual","average",4.1,"m","autumn","v-neck","full","natural","cotton","chiffon","sashes","solid","2"
"cute","low",4.9,"l","spring","o-neck","sleevless","empire","milksilk","chiffon","sashes","dot","2"
"casual","average",4.7,"m","winter","v-neck","sleevless","empire","polyster","chiffon","applique","print","1"
"casual","low",4.7,"l","autumn","o-neck","short","natural","polyster","shiffon","lace","patchwork","2"
"casual","low",4.7,"free","winter","o-neck","sleevless","natural","milksilk","chiffon","lace","animal","1"
"sexy","average",4.8,"free","winter","slash-neck","sleevless","natural","cotton","broadcloth","sequined","solid","2"
"sexy","low",4.2,"free","summer","v-neck","sleevless","dropped","cotton","worsted","applique","print","2"
"party","very-high",4.9,"m","spring","v-neck","sleevless","empire","cotton","sattin","beading","solid","2"
"casual","low",4.7,"s","winter","o-neck","sleeevless","natural","knitting","batik","lace","solid","1"
"cute","average",4.7,"l","summer","o-neck","sleevless","natural","polyster","broadcloth","lace","solid","1"
"sexy","high",5,"m","summer","v-neck","sleevless","natural","mix","worsted","sashes","striped","1"
"bohemian","low",4.6,"free","summer","o-neck","sleevless","natural","cotton","chiffon","none","solid","2"
"casual","average",4,"xl","winter","v-neck","short","empire","polyster","shiffon","pockets","solid","2"
"casual","average",4.8,"m","summer","o-neck","halfsleeve","natural","chiffonfabric","chiffon","sequined","print","1"
"sexy","low",4.7,"free","spring","v-neck","sleeveless","empire","cotton","chiffon","sequined","solid","2"
"casual","low",4.1,"l","winter","v-neck","full","empire","rayon","batik","applique","solid","1"
"cute","average",4.7,"l","summer","o-neck","sleevless","natural","cotton","worsted","none","print","1"
"casual","average",4.4,"m","winter","o-neck","full","natural","cotton","jersey","feathers","solid","2"
"party","average",4.7,"m","spring","v-neck","sleevless","natural","polyster","chiffon","hollowout","solid","1"
"casual","average",5,"m","spring","o-neck","sleevless","natural","silk","broadcloth","applique","print","1"
"casual","average",5,"m","spring","o-neck","thressqatar","empire","spandex","chiffon","sashes","solid","1"
"casual","average",4.3,"m","winter","slash-neck","sleeveless","natural","polyster","batik","sashes","solid","1"
"casual","low",4.7,"free","spring","o-neck","halfsleeve","natural","silk","chiffon","sashes","print","1"
"novelty","average",4.5,"s","winter","turndowncollor","full","natural","cotton","worsted","ruffles","patchwork","1"
"casual","average",4.2,"m","winter","v-neck","full","empire","polyster","worsted","lace","patchwork","2"
"party","very-high",4.8,"l","spring","sweetheart","sleevless","empire","microfiber","organza","beading","animal","2"
"sexy","average",5,"l","winter","o-neck","threequarter","natural","polyster","chiffon","lace","geometric","1"
"sexy","low",4.7,"m","winter","v-neck","sleevless","natural","polyster","worsted","beading","striped","1"
"brief","average",4.3,"m","spring","o-neck","full","natural","mix","worsted","sequined","patchwork","2"
"casual","average",4.7,"s","summer","v-neck","short","natural","cotton","chiffon","lace","dot","1"
"sexy","average",4.5,"m","summer","bowneck","sleevless","natural","cotton","chiffon","beading","solid","1"
"party","high",5,"m","winter","sweetheart","sleevless","natural","silk","chiffon","pearls","solid","1"
"fashion","average",4,"free","summer","open","full","empire","cotton","chiffon","sequined","solid","1"
"party","average",5,"m","winter","o-neck","capsleeves","empire","polyster","chiffon","lace","solid","2"
"casual","average",5,"l","winter","o-neck","thressqatar","natural","polyster","batik","applique","solid","1"
"casual","low",4.2,"l","summer","o-neck","petal","natural","microfiber","other","ruffles","animal","1"
"party","very-high",4.9,"l","spring","slash-neck","sleevless","natural","cotton","chiffon","flowers","solid","2"
"casual","low",5,"m","summer","v-neck","full","natural","acrylic","chiffon","lace","solid","1"
"sexy","low",4.8,"l","summer","o-neck","sleevless","natural","cotton","chiffon","tassel","solid","2"
"casual","average",5,"l","winter","open","short","natural","mix","poplin","applique","solid","2"
"sexy","average",4.7,"m","autumn","slash-neck","sleevless","natural","nylon","chiffon","rivet","solid","1"
"sexy","average",4.7,"s","autumn","slash-neck","short","natural","cotton","chiffon","lace","solid","1"
"casual","low",4.7,"free","spring","o-neck","sleevless","empire","cotton","chiffon","lace","floral","1"
"party","average",5,"free","summer","v-neck","sleevless","natural","cotton","chiffon","sashes","striped","1"
"sexy","low",4.8,"free","spring","v-neck","sleevless","natural","cotton","worsted","cascading","striped","2"
"sexy","low",4,"free","summer","v-neck","sleevless","empire","cotton","chiffon","lace","solid","1"
"vintage","average",4.7,"m","summer","v-neck","short","natural","rayon","chiffon","beading","print","1"
"casual","average",4.8,"m","winter","o-neck","threequarter","natural","shiffon","broadcloth","applique","print","2"
"casual","average",4.7,"l","winter","o-neck","sleevless","natural","polyster","chiffon","lace","patchwork","1"
"sexy","medium",4.6,"l","summer","o-neck","short","natural","spandex","jersey","lace","solid","1"
"party","very-high",5,"m","spring","v-neck","threequater","natural","lycra","sattin","applique","solid","2"
"sexy","low",5,"free","spring","o-neck","full","natural","cotton","worsted","lace","striped","1"
"casual","average",4.4,"m","summer","turndowncollor","sleevless","natural","chiffonfabric","chiffon","sashes","solid","1"
"casual","medium",4.5,"s","winter","o-neck","full","natural","polyster","chiffon","embroidary","patchwork","2"
"casual","average",5,"s","spring","turndowncollor","full","empire","cotton","worsted","sashes","solid","1"
"cute","low",5,"free","spring","v-neck","sleevless","empire","chiffonfabric","chiffon","sashes","animal","2"
"party","medium",4.5,"l","summer","peterpan-collor","full","empire","cotton","batik","applique","striped","2"
"work","average",4.8,"m","winter","turndowncollor","full","natural","cotton","batik","sashes","solid","1"
"cute","low",4.9,"free","summer","peterpan-collor","short","empire","cotton","broadcloth","applique","print","1"
"vintage","average",5,"s","spring","o-neck","full","natural","mix","chiffon","embroidary","print","1"
"brief","average",4.9,"xl","spring","slash-neck","full","natural","cotton","chiffon","sashes","solid","1"
"casual","low",4.8,"free","spring","o-neck","full","natural","cotton","worsted","lace","solid","1"
"casual","average",4.6,"l","summer","bowneck","full","dropped","cotton","worsted","applique","patchwork","1"
"cute","medium",4.8,"free","spring","slash-neck","sleevless","natural","polyster","chiffon","sashes","solid","2"
"casual","average",4.6,"l","winter","boat-neck","sleevless","empire","silk","broadcloth","applique","print","2"
"casual","low",4.7,"free","summer","o-neck","capsleeves","natural","chiffonfabric","chiffon","pockets","print","2"
"casual","low",4.6,"s","spring","o-neck","full","natural","cotton","chiffon","ruffles","solid","2"
"casual","average",4.5,"l","winter","o-neck","short","natural","cotton","shiffon","bow","patchwork","1"
"casual","low",4.4,"free","summer","o-neck","sleevless","empire","polyster","chiffon","lace","print","2"
"casual","low",4.7,"m","autumn","o-neck","full","natural","cotton","chiffon","lace","solid","1"
"vintage","average",5,"m","summer","v-neck","thressqatar","natural","polyster","chiffon","applique","print","1"
"casual","average",4.6,"m","winter","v-neck","full","natural","chiffonfabric","chiffon","ruffles","patchwork","1"
"casual","average",4.6,"m","winter","v-neck","halfsleeve","natural","silk","chiffon","sashes","solid","2"
"brief","average",4.6,"m","winter","peterpan-collor","threequarter","natural","cotton","chiffon","embroidary","solid","1"
"casual","average",5,"l","summer","o-neck","sleevless","natural","cotton","chiffon","sashes","solid","2"
"casual","low",4.7,"free","winter","o-neck","sleevless","natural","cotton","jersey","sashes","solid","2"
"bohemian","average",4.8,"s","summer","v-neck","short","natural","cotton","chiffon","sashes","solid","1"
"casual","low",4.8,"free","spring","o-neck","sleevless","natural","chiffonfabric","chiffon","sashes","print","2"
"casual","average",1,"free","winter","v-neck","full","empire","cashmere","chiffon","applique","solid","2"
"casual","high",4.9,"xl","winter","v-neck","full","empire","cotton","chiffon","sequined","solid","1"
"casual","low",4.3,"free","spring","o-neck","full","empire","chiffonfabric","chiffon","sashes","none","2"
"casual","average",5,"xl","spring","bowneck","sleevless","natural","mix","batik","lace","solid","1"
"casual","low",5,"m","summer","v-neck","sleevless","empire","polyster","chiffon","ruffles","animal","1"
"casual","low",4.7,"l","summer","turndowncollor","sleevless","empire","cotton","chiffon","sashes","solid","2"
"casual","low",5,"free","spring","slash-neck","sleevless","empire","spandex","worsted","sashes","striped","2"
"cute","low",5,"l","winter","o-neck","threequarter","natural","silk","chiffon","sashes","print","1"
"cute","low",4.5,"l","summer","o-neck","sleevless","natural","cotton","chiffon","sashes","solid","2"
"casual","average",4.3,"free","summer","bowneck","halfsleeve","empire","cotton","chiffon","lace","animal","1"
"vintage","high",4.5,"l","autumn","o-neck","full","natural","polyster","sattin","applique","print","1"
"casual","low",4.4,"free","summer","turndowncollor","sleevless","natural","cotton","chiffon","pockets","solid","1"
"casual","average",4.7,"xl","summer","v-neck","halfsleeve","natural","cotton","broadcloth","tiered","print","2"
"sexy","low",4.6,"free","summer","v-neck","sleevless","natural","cotton","broadcloth","beading","solid","1"
"casual","average",4.7,"m","autumn","v-neck","sleevless","natural","cotton","chiffon","sashes","striped","2"
"brief","average",4.6,"l","spring","o-neck","full","natural","silk","chiffon","embroidary","print","2"
"casual","low",4.7,"s","summer","o-neck","full","natural","cotton","broadcloth","beading","patchwork","1"
"casual","high",4,"l","winter","v-neck","full","empire","polyster","batik","beading","solid","1"
"casual","low",4.4,"free","winter","halter","sleevless","natural","silk","chiffon","draped","solid","2"
"vintage","average",4.7,"l","summer","o-neck","short","natural","cotton","chiffon","button","solid","1"
"work","low",4.7,"free","summer","o-neck","full","empire","cotton","chiffon","sequined","solid","1"
"party","average",4.7,"free","spring","sweetheart","sleevless","empire","rayon","chiffon","beading","solid","2"
"brief","low",4,"xl","summer","v-neck","short","natural","cotton","chiffon","pockets","solid","1"
"casual","low",4.1,"free","spring","o-neck","short","natural","cotton","chiffon","hollowout","solid","1"
"party","very-high",5,"m","spring","slash-neck","sleevless","natural","chiffonfabric","chiffon","flowers","print","2"
"sexy","low",4.8,"free","spring","slash-neck","sleevless","natural","cotton","broadcloth","sequined","solid","1"
"casual","low",4.5,"free","autumn","v-neck","short","natural","silk","worsted","lace","solid","1"
"vintage","low",4.8,"s","summer","o-neck","short","natural","cotton","chiffon","ruffles","print","1"
"casual","average",4.6,"free","autumn","v-neck","full","natural","cotton","chiffon","lace","solid","1"
"bohemian","average",4.6,"m","spring","o-neck","sleevless","natural","shiffon","shiffon","sashes","solid","1"
"cute","high",4.3,"m","spring","boat-neck","full","natural","polyster","terry","lace","solid","2"
"party","very-high",5,"m","winter","v-neck","cap-sleeves","empire","cotton","chiffon","lace","solid","1"
"cute","medium",4.9,"s","summer","bowneck","sleevless","empire","polyster","chiffon","bow","patchwork","2"
"bohemian","medium",5,"free","autumn","o-neck","full","natural","cotton","terry","hollowout","patchwork","2"
"casual","low",4.8,"l","summer","v-neck","thressqatar","natural","cotton","batik","sashes","print","1"
"sexy","average",4.8,"s","winter","v-neck","sleevless","empire","polyster","chiffon","lace","solid","1"
"casual","average",5,"l","spring","boat-neck","sleevless","natural","cotton","sattin","applique","patchwork","2"
"casual","low",4.1,"m","spring","o-neck","sleevless","natural","silk","chiffon","applique","solid","2"
"casual","low",4.7,"m","winter","o-neck","full","empire","polyster","chiffon","bow","print","2"
"vintage","low",4.4,"free","summer","o-neck","sleevless","natural","cotton","batik","applique","print","2"
"casual","average",4.7,"m","autumn","o-neck","sleevless","empire","cotton","terry","beading","animal","2"
"work","average",4.6,"l","spring","o-neck","short","empire","cotton","jersey","ruffles","patchwork","1"
"casual","low",4.4,"free","summer","o-neck","sleevless","empire","cotton","worsted","sequined","animal","1"
"sexy","average",4.5,"l","autumn","o-neck","full","empire","cotton","chiffon","beading","solid","1"
"casual","average",4,"l","spring","o-neck","sleevless","natural","chiffonfabric","chiffon","sequined","solid","1"
"party","average",5,"m","spring","o-neck","halfsleeve","natural","cotton","chiffon","sashes","patchwork","2"
"casual","average",4.8,"m","autumn","v-neck","short","empire","silk","chiffon","embroidary","print","2"
"party","average",5,"m","spring","o-neck","sleevless","empire","mix","jersey","ruffles","print","2"
"bohemian","average",5,"free","summer","v-neck","sleevless","natural","cotton","batik","sashes","print","2"
"casual","high",4.9,"s","spring","o-neck","threequarter","natural","cotton","jersey","sashes","dot","2"
"bohemian","low",4.5,"m","summer","v-neck","sleevless","natural","polyster","chiffon","sashes","print","2"
"bohemian","average",4,"l","winter","turndowncollor","full","natural","mix","chiffon","sashes","solid","1"
"sexy","low",4.6,"l","autumn","o-neck","sleevless","natural","cotton","chiffon","lace","solid","2"
"casual","average",4.6,"m","spring","o-neck","sleevless","natural","cotton","chiffon","sashes","solid","2"
"cute","average",4.8,"l","autumn","slash-neck","sleevless","natural","cotton","chiffon","hollowout","solid","1"
"sexy","average",4.6,"free","autumn","o-neck","full","natural","polyster","sattin","hollowout","solid","1"
"bohemian","low",4.6,"m","summer","v-neck","sleevless","empire","silk","broadcloth","lace","print","1"
"brief","average",4.3,"l","spring","o-neck","sleevless","empire","cotton","chiffon","bow","solid","2"
"vintage","medium",4.7,"free","spring","turndowncollor","sleevless","natural","mix","chiffon","lace","solid","2"
"casual","low",5,"m","spring","o-neck","sleevless","natural","spandex","jersey","sashes","print","1"
"cute","average",4.7,"l","spring","o-neck","short","natural","cotton","chiffon","sashes","solid","2"
"party","very-high",4.2,"l","winter","v-neck","sleevless","empire","cotton","chiffon","lace","striped","2"
"party","high",4.6,"m","winter","sweetheart","sleevless","natural","silk","chiffon","button","solid","1"
"cute","medium",5,"free","winter","o-neck","sleevless","natural","silk","chiffon","lace","solid","2"
"casual","average",3,"m","spring","turndowncollor","short","empire","polyster","worsted","sashes","patchwork","1"
"casual","average",5,"s","summer","o-neck","sleevless","empire","cotton","batik","ruffles","solid","1"
"novelty","medium",4.2,"m","winter","o-neck","halfsleeve","natural","polyster","chiffon","hollowout","animal","2"
"casual","average",5,"m","autumn","v-neck","short","natural","cotton","broadcloth","beading","solid","1"
"sexy","low",5,"free","winter","v-neck","short","dropped","cotton","worsted","lace","animal","2"
"novelty","average",4,"free","autumn","o-neck","short","natural","polyster","broadcloth","lace","print","1"
"party","high",4.1,"m","spring","sweetheart","sleevless","natural","nylon","chiffon","feathers","print","1"
"casual","medium",4.8,"s","spring","v-neck","full","dropped","rayon","corduroy","applique","animal","2"
"brief","low",4.7,"m","winter","o-neck","full","natural","cotton","chiffon","lace","patchwork","1"
"party","average",4.8,"m","summer","o-neck","full","empire","cotton","chiffon","ruffles","solid","2"
"cute","low",4.5,"m","summer","o-neck","butterfly","natural","chiffonfabric","chiffon","bow","dot","1"
"casual","average",4.6,"m","autumn","o-neck","short","empire","polyster","chiffon","applique","dot","1"
"sexy","low",4.7,"free","summer","v-neck","sleevless","empire","cotton","chiffon","sashes","patchwork","1"
"sexy","average",4.5,"m","spring","o-neck","threequarter","natural","polyster","chiffon","lace","geometric","1"
"work","average",4,"m","summer","v-neck","sleevless","natural","cotton","worsted","sashes","solid","2"
"sexy","low",5,"free","spring","v-neck","sleevless","empire","cotton","chiffon","ruffles","patchwork","1"
"casual","low",4.5,"free","winter","o-neck","full","natural","mix","worsted","applique","solid","1"
"casual","low",1,"m","spring","o-neck","halfsleeve","empire","polyster","chiffon","sashes","solid","1"
